disease_id,disease_name,gene_symbol,score
MONDO_0005148,type 2 diabetes mellitus,KCNJ11,0.8640818640906704
MONDO_0005148,type 2 diabetes mellitus,ABCC8,0.8632990966269212
MONDO_0005148,type 2 diabetes mellitus,GCK,0.859502979692441
MONDO_0005148,type 2 diabetes mellitus,PPARG,0.8583412887235967
MONDO_0005148,type 2 diabetes mellitus,HNF1A,0.7761134586462747
MONDO_0005148,type 2 diabetes mellitus,INSR,0.7754793663582322
MONDO_0005148,type 2 diabetes mellitus,HNF1B,0.7719948697602974
MONDO_0005148,type 2 diabetes mellitus,WFS1,0.7619338628865212
MONDO_0005148,type 2 diabetes mellitus,GLP1R,0.7607441892002977
MONDO_0005148,type 2 diabetes mellitus,HNF4A,0.759074867531525
MONDO_0005148,type 2 diabetes mellitus,SLC2A2,0.7394230050826884
MONDO_0005148,type 2 diabetes mellitus,AKT2,0.718684937715696
MONDO_0005148,type 2 diabetes mellitus,GPD2,0.7091613125045961
MONDO_0005148,type 2 diabetes mellitus,SLC30A8,0.697484388518743
MONDO_0005148,type 2 diabetes mellitus,PAX4,0.6810918383743871
MONDO_0005148,type 2 diabetes mellitus,GIPR,0.6787133114411867
MONDO_0005148,type 2 diabetes mellitus,NEUROD1,0.671584445805275
MONDO_0005148,type 2 diabetes mellitus,NDUFS4,0.6656840735430128
MONDO_0005148,type 2 diabetes mellitus,TCF7L2,0.6652720518996029
MONDO_0005148,type 2 diabetes mellitus,MT-ND1,0.6562336053125245
MONDO_0005148,type 2 diabetes mellitus,ENPP1,0.6548632579981156
MONDO_0005148,type 2 diabetes mellitus,NDUFS3,0.6509587923963016
MONDO_0005148,type 2 diabetes mellitus,SLC5A2,0.6365537378844249
MONDO_0005148,type 2 diabetes mellitus,DPP4,0.636482708967657
MONDO_0005148,type 2 diabetes mellitus,HMGCR,0.6347277284140685
MONDO_0005148,type 2 diabetes mellitus,NDUFB8,0.6340173035785158
MONDO_0005148,type 2 diabetes mellitus,PPARA,0.6261696997883347
MONDO_0005148,type 2 diabetes mellitus,NDUFA13,0.6222935517776949
MONDO_0005148,type 2 diabetes mellitus,CDKAL1,0.6205204712281226
MONDO_0005148,type 2 diabetes mellitus,NDUFB6,0.6199087445798743
MONDO_0005148,type 2 diabetes mellitus,FTO,0.6198860447794338
MONDO_0005148,type 2 diabetes mellitus,MT-ND6,0.6177833099366682
MONDO_0005148,type 2 diabetes mellitus,NDUFA5,0.6176147982367173
MONDO_0005148,type 2 diabetes mellitus,NDUFB2,0.6145554551488684
MONDO_0005148,type 2 diabetes mellitus,NDUFC2,0.6142883181915338
MONDO_0005148,type 2 diabetes mellitus,NDUFAB1,0.6138733139557299
MONDO_0005148,type 2 diabetes mellitus,NDUFAF3,0.6126215161895916
MONDO_0005148,type 2 diabetes mellitus,MT-ND2,0.6120098270187422
MONDO_0005148,type 2 diabetes mellitus,RFX6,0.6119324853917856
MONDO_0005148,type 2 diabetes mellitus,MT-ND4L,0.6115191929424592
MONDO_0005148,type 2 diabetes mellitus,MT-ND4,0.6103532094140428
MONDO_0005148,type 2 diabetes mellitus,NDUFA10,0.6100870710055559
MONDO_0005148,type 2 diabetes mellitus,MT-ND5,0.6094247685675955
MONDO_0005148,type 2 diabetes mellitus,NDUFB4,0.609392158217678
MONDO_0005148,type 2 diabetes mellitus,NDUFA1,0.6093248125552687
MONDO_0005148,type 2 diabetes mellitus,NDUFV1,0.6092401171719035
MONDO_0005148,type 2 diabetes mellitus,NDUFS1,0.6091611708085
MONDO_0005148,type 2 diabetes mellitus,NDUFA6,0.6090687758448289
MONDO_0005148,type 2 diabetes mellitus,MT-ND3,0.6090510263072078
MONDO_0005148,type 2 diabetes mellitus,NDUFA2,0.6090225783629932
MONDO_0005148,type 2 diabetes mellitus,NDUFV3,0.608930183399322
MONDO_0005148,type 2 diabetes mellitus,NDUFB10,0.608930183399322
MONDO_0005148,type 2 diabetes mellitus,NDUFA11,0.608930183399322
MONDO_0005148,type 2 diabetes mellitus,NDUFS8,0.6085477709107942
MONDO_0005148,type 2 diabetes mellitus,NDUFS2,0.6084220110991306
MONDO_0005148,type 2 diabetes mellitus,NDUFB7,0.6083013843410044
MONDO_0005148,type 2 diabetes mellitus,COXFA4,0.6081910236899527
MONDO_0005148,type 2 diabetes mellitus,NDUFS6,0.6080986287262815
MONDO_0005148,type 2 diabetes mellitus,NDUFAF1,0.6080062337626103
MONDO_0005148,type 2 diabetes mellitus,NDUFS5,0.6080062337626103
MONDO_0005148,type 2 diabetes mellitus,NDUFAF2,0.6079138387989391
MONDO_0005148,type 2 diabetes mellitus,NDUFB5,0.6077290488715968
MONDO_0005148,type 2 diabetes mellitus,NDUFV2,0.6076366539079257
MONDO_0005148,type 2 diabetes mellitus,NDUFB3,0.6075442589442545
MONDO_0005148,type 2 diabetes mellitus,NDUFS7,0.6075442589442545
MONDO_0005148,type 2 diabetes mellitus,NDUFB9,0.6074518639805833
MONDO_0005148,type 2 diabetes mellitus,NDUFA12,0.6074518639805833
MONDO_0005148,type 2 diabetes mellitus,NDUFA8,0.6074518639805833
MONDO_0005148,type 2 diabetes mellitus,NDUFB1,0.6070822841258986
MONDO_0005148,type 2 diabetes mellitus,NDUFA3,0.6070822841258986
MONDO_0005148,type 2 diabetes mellitus,NDUFA7,0.6070822841258986
MONDO_0005148,type 2 diabetes mellitus,NDUFB11,0.6070822841258986
MONDO_0005148,type 2 diabetes mellitus,NDUFC1,0.6070822841258986
MONDO_0005148,type 2 diabetes mellitus,COXFA4L2,0.6070822841258986
MONDO_0005148,type 2 diabetes mellitus,NDUFA9,0.6070822841258986
MONDO_0005148,type 2 diabetes mellitus,NDUFAF4,0.6070822841258986
MONDO_0005148,type 2 diabetes mellitus,MTNR1B,0.6066300753680927
MONDO_0005148,type 2 diabetes mellitus,MGAM,0.6053877905493638
MONDO_0005148,type 2 diabetes mellitus,KCNQ1,0.6006666611320316
MONDO_0005148,type 2 diabetes mellitus,AMY2A,0.5995518800044899
MONDO_0005148,type 2 diabetes mellitus,KL,0.5936782874827654
MONDO_0005148,type 2 diabetes mellitus,NR3C2,0.5887781580336537
MONDO_0005148,type 2 diabetes mellitus,APOE,0.5871322628705564
MONDO_0005148,type 2 diabetes mellitus,LPL,0.5866709608015469
MONDO_0005148,type 2 diabetes mellitus,GAA,0.5837285770629831
MONDO_0005148,type 2 diabetes mellitus,CTRB2,0.5830915978811065
MONDO_0005148,type 2 diabetes mellitus,CTRB1,0.5825459941194321
MONDO_0005148,type 2 diabetes mellitus,PAM,0.5774130858528652
MONDO_0005148,type 2 diabetes mellitus,SI,0.5695417942243364
MONDO_0005148,type 2 diabetes mellitus,MGAM2,0.5684036603097232
MONDO_0005148,type 2 diabetes mellitus,FGFR4,0.5673291228309811
MONDO_0005148,type 2 diabetes mellitus,UBE2E2,0.5662364308302305
MONDO_0005148,type 2 diabetes mellitus,AGTR1,0.5641546928050634
MONDO_0005148,type 2 diabetes mellitus,PDX1,0.5608536198707346
MONDO_0005148,type 2 diabetes mellitus,IRS1,0.5575730358414249
MONDO_0005148,type 2 diabetes mellitus,JAZF1,0.556536713405284
MONDO_0005148,type 2 diabetes mellitus,LIPC,0.5552648722883587
MONDO_0005148,type 2 diabetes mellitus,ANKH,0.5495131885576013
MONDO_0005148,type 2 diabetes mellitus,HMGA2,0.5461579315688885
MONDO_0005148,type 2 diabetes mellitus,PROX1,0.544776628405339
