us_disease_id,us_disease_name,census_diseases,n_census_labels,n_cells,matched,opportunistic
normal_baseline,Normal / healthy baseline,normal|normal pressure hydrocephalus|dementia || Alzheimer disease || normal pressure hydrocephalus|dementia || normal pressure hydrocephalus,4,62476003,True,
cmv,Cytomegalovirus infection,cytomegalovirus infection,1,6415859,True,
alzheimer,Alzheimer disease,dementia || Alzheimer disease|dementia|Alzheimer disease|dementia || Alzheimer disease || Lewy body dementia|dementia || schizophrenia|dementia || vascular dementia || Alzheimer disease|Lewy body dementia|frontotemporal dementia|dementia || Lewy body dementia|vascular dementia|dementia || Parkinson disease|dementia || tauopathy|amyotrophic lateral sclerosis 26 with or without frontotemporal dementia|dementia || Alzheimer disease || diabetes mellitus|dementia || vascular dementia|dementia || Alzheimer disease || schizophrenia|dementia || Alzheimer disease || Parkinson disease|dementia || frontotemporal dementia|vascular dementia || diabetes mellitus|dementia || head injury|dementia || brain neoplasm|dementia || Alzheimer disease || frontotemporal dementia|dementia || vascular dementia || schizophrenia|dementia || Alzheimer disease || brain neoplasm|dementia || vascular dementia || head injury|dementia || amyotrophic lateral sclerosis|dementia || Alzheimer disease || Parkinson disease || Lewy body dementia|dementia || vascular dementia || Alzheimer disease || diabetes mellitus|dementia || schizophrenia || Parkinson disease|dementia || Alzheimer disease || schizophrenia || Lewy body dementia|dementia || vascular dementia || diabetes mellitus|dementia || vascular dementia || Alzheimer disease || Parkinson disease|dementia || Alzheimer disease || normal pressure hydrocephalus|dementia || major depressive disorder || Alzheimer disease || Lewy body dementia|dementia || vascular dementia || Alzheimer disease || schizophrenia|dementia || progressive supranuclear palsy|dementia || vascular dementia || tauopathy|dementia || post-traumatic stress disorder|dementia || diabetes mellitus || Parkinson disease|vascular dementia || diabetes mellitus || Parkinson disease|dementia || schizophrenia || head injury|vascular dementia || progressive supranuclear palsy|dementia || Alzheimer disease || amyotrophic lateral sclerosis|dementia || Parkinson disease || Lewy body dementia || head injury|dementia || normal pressure hydrocephalus|dementia || Alzheimer disease || diabetes mellitus || Parkinson disease || head injury|dementia || multiple sclerosis|dementia || Parkinson disease || progressive supranuclear palsy|vascular dementia || Lewy body dementia,49,5220168,True,
covid19,COVID-19,COVID-19|post-COVID-19 disorder|long COVID-19,3,4788116,True,
lewy_body,Lewy body dementia,dementia || Alzheimer disease|dementia|Alzheimer disease|dementia || Alzheimer disease || Lewy body dementia|Lewy body dementia|dementia || Lewy body dementia|dementia || Alzheimer disease || Parkinson disease || Lewy body dementia|dementia || Alzheimer disease || schizophrenia || Lewy body dementia|dementia || major depressive disorder || Alzheimer disease || Lewy body dementia|dementia || Parkinson disease || Lewy body dementia || head injury|vascular dementia || Lewy body dementia,11,4027204,True,
schizophrenia,Schizophrenia,dementia|dementia || schizophrenia|schizophrenia|schizophrenia || tardive dyskinesia|dementia || Alzheimer disease || schizophrenia|schizophrenia || type 1 diabetes mellitus|schizophrenia || atherosclerosis|schizophrenia || type 2 diabetes mellitus || tardive dyskinesia|dementia || vascular dementia || schizophrenia|schizophrenia || type 2 diabetes mellitus|epilepsy || schizophrenia || tardive dyskinesia|major depressive disorder || schizophrenia || atherosclerosis|dementia || schizophrenia || Parkinson disease|dementia || Alzheimer disease || schizophrenia || Lewy body dementia|dementia || vascular dementia || Alzheimer disease || schizophrenia|schizophrenia || brain neoplasm|schizophrenia || type 1 diabetes mellitus || atherosclerosis|dementia || schizophrenia || head injury|schizophrenia || type 1 diabetes mellitus || tardive dyskinesia|epilepsy || schizophrenia|diabetes mellitus || schizophrenia,21,2107428,True,
parkinson,Parkinson disease,Parkinson disease|dementia || Parkinson disease|dementia || Alzheimer disease || Parkinson disease|dementia || Alzheimer disease || Parkinson disease || Lewy body dementia|dementia || schizophrenia || Parkinson disease|dementia || vascular dementia || Alzheimer disease || Parkinson disease|dementia || diabetes mellitus || Parkinson disease|vascular dementia || diabetes mellitus || Parkinson disease|dementia || Parkinson disease || Lewy body dementia || head injury|dementia || Alzheimer disease || diabetes mellitus || Parkinson disease || head injury|dementia || Parkinson disease || progressive supranuclear palsy,11,1955857,True,
cancer_breast,Breast cancer,breast cancer|invasive ductal breast carcinoma|triple-negative breast carcinoma|estrogen-receptor positive breast cancer|luminal B breast carcinoma|invasive lobular breast carcinoma|HER2 positive breast carcinoma|luminal A breast carcinoma|invasive tubular breast carcinoma || invasive lobular breast carcinoma|breast carcinoma|metaplastic breast carcinoma,11,1634857,True,
frontotemporal,Frontotemporal dementia,dementia|frontotemporal dementia|amyotrophic lateral sclerosis 26 with or without frontotemporal dementia|dementia || frontotemporal dementia|dementia || Alzheimer disease || frontotemporal dementia,5,1627290,True,
glioblastoma,Glioblastoma,glioblastoma|blastoma,2,1421428,True,
cancer_lung,Lung cancer,lung adenocarcinoma|squamous cell lung carcinoma|non-small cell lung carcinoma|small cell lung carcinoma|lung cancer|adenocarcinoma,6,1292899,True,
heart_disease,Heart disease,dilated cardiomyopathy|atherosclerosis|myocardial infarction|arrhythmogenic right ventricular cardiomyopathy|bipolar I disorder || atherosclerosis|schizophrenia || atherosclerosis|heart failure|non-compaction cardiomyopathy|acute myocardial infarction|major depressive disorder || schizophrenia || atherosclerosis|congenital heart disease|atherosclerosis || tardive dyskinesia || schizoaffective bipolar disorder|schizophrenia || type 1 diabetes mellitus || atherosclerosis|type 1 diabetes mellitus || atherosclerosis|cardiomyopathy|type 2 diabetes mellitus || atherosclerosis|hypertrophic cardiomyopathy,17,1292338,True,
cancer_blood,Hematologic cancer,"B-cell non-Hodgkin lymphoma|B-cell acute lymphoblastic leukemia|follicular lymphoma|diffuse large B-cell lymphoma|acute myeloid leukemia|lymphoma|primary cutaneous diffuse large B-cell lymphoma, Leg type|acute promyelocytic leukemia",8,1001906,True,
cancer_ovary,Ovarian cancer,malignant ovarian serous tumor|ovarian cancer,2,984988,True,
lupus,Systemic lupus erythematosus,systemic lupus erythematosus,1,777258,True,
ild,Interstitial lung disease,interstitial lung disease|pulmonary fibrosis,2,585733,True,
type2_diabetes,Type 2 diabetes,type 2 diabetes mellitus|diabetes mellitus|dementia || Alzheimer disease || diabetes mellitus|type 1 diabetes mellitus|vascular dementia || diabetes mellitus|schizophrenia || type 1 diabetes mellitus|diabetes mellitus || head injury|schizophrenia || type 2 diabetes mellitus || tardive dyskinesia|bipolar I disorder || type 1 diabetes mellitus|schizophrenia || type 2 diabetes mellitus|bipolar II disorder || type 1 diabetes mellitus|dementia || vascular dementia || Alzheimer disease || diabetes mellitus|bipolar disorder || type 2 diabetes mellitus || schizoaffective bipolar disorder|dementia || vascular dementia || diabetes mellitus|type 1 diabetes mellitus || schizoaffective depressive disorder|dementia || diabetes mellitus || Parkinson disease|vascular dementia || diabetes mellitus || Parkinson disease|schizophrenia || type 1 diabetes mellitus || atherosclerosis|schizophrenia || type 1 diabetes mellitus || tardive dyskinesia|bipolar I disorder || type 2 diabetes mellitus|dementia || Alzheimer disease || diabetes mellitus || Parkinson disease || head injury|type 1 diabetes mellitus || atherosclerosis|type 2 diabetes mellitus || atherosclerosis|diabetes mellitus || schizophrenia|bipolar II disorder || type 2 diabetes mellitus,25,443012,True,
neuroblastoma,Neuroblastoma,neuroblastoma|blastoma,2,430064,True,
cancer_kidney,Kidney cancer,nonpapillary renal cell carcinoma|clear cell renal carcinoma|chromophobe renal cell carcinoma,3,397864,True,
ckd,Chronic kidney disease,chronic kidney disease|acute kidney failure,2,391833,True,
als,ALS,amyotrophic lateral sclerosis|progressive supranuclear palsy|amyotrophic lateral sclerosis 26 with or without frontotemporal dementia|dementia || amyotrophic lateral sclerosis|dementia || progressive supranuclear palsy|vascular dementia || progressive supranuclear palsy|dementia || Alzheimer disease || amyotrophic lateral sclerosis|dementia || Parkinson disease || progressive supranuclear palsy,8,391716,True,
cancer_colorectal,Colorectal cancer,colon adenocarcinoma|colorectal cancer|adenocarcinoma,3,345421,True,
bipolar,Bipolar disorder,bipolar I disorder|bipolar I disorder || atherosclerosis|bipolar II disorder|bipolar I disorder || bulimia nervosa|bipolar I disorder || obsessive-compulsive disorder|bipolar I disorder || type 1 diabetes mellitus|bipolar disorder || schizoaffective bipolar disorder|bipolar disorder|bipolar I disorder || anorexia nervosa|bipolar II disorder || type 1 diabetes mellitus|bipolar I disorder || attention deficit-hyperactivity disorder|bipolar disorder || type 2 diabetes mellitus || schizoaffective bipolar disorder|bipolar I disorder || bulimia nervosa || obsessive-compulsive disorder|atherosclerosis || tardive dyskinesia || schizoaffective bipolar disorder|bipolar I disorder || anorexia nervosa || obsessive-compulsive disorder|bipolar I disorder || brain neoplasm|bipolar I disorder || type 2 diabetes mellitus|bipolar disorder || attention deficit-hyperactivity disorder|bipolar I disorder || post-traumatic stress disorder|bipolar II disorder || type 2 diabetes mellitus,20,332284,True,
ibd,Inflammatory bowel disease,Crohn disease|inflammatory bowel disease|ulcerative colitis,3,252782,True,
cancer_stomach,Gastric cancer,gastric cancer|adenocarcinoma,2,229406,True,
census::heart_valve_disorder,heart valve disorder,heart valve disorder,1,183616,False,True
type1_diabetes,Type 1 diabetes,diabetes mellitus|type 1 diabetes mellitus|schizophrenia || type 1 diabetes mellitus|bipolar I disorder || type 1 diabetes mellitus|bipolar II disorder || type 1 diabetes mellitus|type 1 diabetes mellitus || schizoaffective depressive disorder|schizophrenia || type 1 diabetes mellitus || atherosclerosis|schizophrenia || type 1 diabetes mellitus || tardive dyskinesia|type 1 diabetes mellitus || atherosclerosis,9,181857,True,
census::myelodysplastic_syndrome,myelodysplastic syndrome,myelodysplastic syndrome,1,176174,False,True
census::bronchopulmonary_dysplasia,bronchopulmonary dysplasia,bronchopulmonary dysplasia,1,150671,False,True
epilepsy,Epilepsy,epilepsy|epilepsy || schizophrenia || tardive dyskinesia|temporal lobe epilepsy|epilepsy || schizophrenia,4,144334,True,
copd,COPD,chronic obstructive pulmonary disease|pulmonary emphysema,2,142422,True,
glaucoma,Glaucoma,open-angle glaucoma,1,139633,True,
acute_kidney_injury,Acute kidney injury,acute kidney failure|injury,2,136814,True,
census::myelodysplastic/myeloproliferative_disease,myelodysplastic/myeloproliferative disease,myelodysplastic/myeloproliferative disease,1,130268,False,True
census::tauopathy,tauopathy,tauopathy,1,124789,False,True
influenza,Influenza / viral pneumonia,influenza|pneumonia|non-specific interstitial pneumonia|lymphoid interstitial pneumonia|aspiration pneumonia,5,123282,True,
census::basal_cell_carcinoma,basal cell carcinoma,basal cell carcinoma,1,117098,False,True
census::primary_sclerosing_cholangitis,primary sclerosing cholangitis,primary sclerosing cholangitis,1,104667,False,True
census::hematologic_disorder,hematologic disorder,hematologic disorder,1,100206,False,True
census::pick_disease,Pick disease,Pick disease,1,98043,False,True
census::respiratory_system_disorder,respiratory system disorder,respiratory system disorder,1,94987,False,True
census::digestive_system_disorder,digestive system disorder,digestive system disorder,1,89849,False,True
census::juvenile_dermatomyositis,juvenile dermatomyositis,juvenile dermatomyositis,1,82666,False,True
census::prediabetes_syndrome,prediabetes syndrome,prediabetes syndrome,1,79575,False,True
cancer_skin_melanoma,Melanoma,uveal melanoma|melanoma|metastatic melanoma,3,75631,True,
census::prostatic_acinar_adenocarcinoma,prostatic acinar adenocarcinoma,prostatic acinar adenocarcinoma,1,68322,False,True
census::common_variable_immunodeficiency,common variable immunodeficiency,common variable immunodeficiency,1,64759,False,True
census::myocarditis,myocarditis,myocarditis,1,62705,False,True
wilms,Wilms tumor,blastoma|Wilms tumor,2,62081,True,
census::isolated_focal_cortical_dysplasia_type_ii,isolated focal cortical dysplasia type II,isolated focal cortical dysplasia type II,1,61525,False,True
census::benign_prostatic_hyperplasia,benign prostatic hyperplasia,benign prostatic hyperplasia,1,59853,False,True
retinoblastoma,Retinoblastoma,blastoma,1,57445,True,
census::opiate_dependence,opiate dependence,opiate dependence,1,54399,False,True
census::oropharynx_squamous_cell_carcinoma,oropharynx squamous cell carcinoma,oropharynx squamous cell carcinoma,1,51200,False,True
rheumatoid_arthritis,Rheumatoid arthritis,rheumatoid arthritis,1,48637,True,
sjogren,Sjogren syndrome,Sjogren syndrome,1,45231,True,
periodontitis,Periodontitis,periodontitis,1,38520,True,
cystic_fibrosis,Cystic fibrosis,cystic fibrosis,1,33445,True,
pneumonia_bacterial,Bacterial pneumonia,pneumonia,1,31923,True,
arrhythmia,Cardiac arrhythmia,atrial fibrillation || mitral valve insufficiency,1,25034,True,
hiv,HIV infection,HIV infectious disease || visceral leishmaniasis|HIV infectious disease || leishmaniasis|HIV infectious disease,3,16927,True,
down_syndrome,Down syndrome,Down syndrome,1,16743,True,
depression,Major depression,major depressive disorder || schizophrenia || atherosclerosis|dementia || major depressive disorder || Alzheimer disease || Lewy body dementia|major depressive disorder || tauopathy,3,15504,True,
head_neck_cancer,Head and neck cancer,squamous cell carcinoma,1,15328,True,
cervical_cancer,Cervical cancer,squamous cell carcinoma,1,15328,True,
multiple_sclerosis,Multiple sclerosis,multiple sclerosis|dementia || multiple sclerosis,2,11686,True,
cancer_pancreas,Pancreatic cancer,adenocarcinoma,1,11483,True,
esophageal_cancer,Esophageal cancer,adenocarcinoma,1,11483,True,
cancer_prostate,Prostate cancer,adenocarcinoma,1,11483,True,
cancer_liver,Liver cancer,liver cancer|hepatocellular carcinoma|intrahepatic cholangiocarcinoma,3,6661,True,
macular_degeneration,Age-related macular degeneration,macular degeneration|age related macular degeneration 7,2,5623,True,
ptsd,PTSD,dementia || post-traumatic stress disorder|bipolar I disorder || post-traumatic stress disorder,2,4908,True,
scleroderma,Systemic sclerosis,localized scleroderma,1,1074,True,
celiac,Celiac disease,celiac disease,1,896,True,
tuberculosis,Tuberculosis,,0,0,False,
obesity,Obesity,,0,0,False,
cirrhosis,Cirrhosis / chronic liver disease,,0,0,False,
gerd,GERD,,0,0,False,
asthma,Asthma,,0,0,False,
stroke,Stroke / cerebrovascular,,0,0,False,
cancer_bladder,Bladder cancer,,0,0,False,
autism,Autism spectrum disorder,,0,0,False,
psoriasis,Psoriasis,,0,0,False,
osteoarthritis,Osteoarthritis,,0,0,False,
atopic_dermatitis,Atopic dermatitis,,0,0,False,
sepsis,Sepsis,,0,0,False,
adhd,ADHD,,0,0,False,
hypertension,Hypertension,,0,0,False,
thyroid,Thyroid disease,,0,0,False,
hyperlipidemia,Hyperlipidemia,,0,0,False,
gout_ckd_overlap,Hyperuricemia,,0,0,False,
vasculitis,Vasculitis,,0,0,False,
huntington,Huntington disease,,0,0,False,
myasthenia,Myasthenia gravis,,0,0,False,
nafld,NAFLD/NASH,,0,0,False,
alcohol_use,Alcohol use disorder,,0,0,False,
infertility,Infertility,,0,0,False,
pcos,PCOS,,0,0,False,
endometriosis,Endometriosis,,0,0,False,
gout,Gout,,0,0,False,
migraine,Migraine,,0,0,False,
chronic_pain,Chronic pain,,0,0,False,
anemia,Anemia,,0,0,False,
sickle_cell,Sickle cell disease,,0,0,False,
osteoporosis,Osteoporosis,,0,0,False,
hearing_loss,Hearing loss,,0,0,False,
diabetic_retinopathy,Diabetic retinopathy,,0,0,False,
hpylori,Helicobacter pylori infection,,0,0,False,
cdiff,C. difficile infection,,0,0,False,
uti,Urinary tract infection,,0,0,False,
endometrial_cancer,Endometrial cancer,,0,0,False,
pulmonary_hypertension,Pulmonary hypertension,,0,0,False,
peripheral_artery,Peripheral artery disease,,0,0,False,
venous_thromboembolism,Venous thromboembolism,,0,0,False,
sleep_apnea,Sleep apnea,,0,0,False,
anxiety,Anxiety disorders,,0,0,False,
tobacco_use,Tobacco use disorder,,0,0,False,
opioid_use,Opioid use disorder,,0,0,False,
sarcoma,Sarcoma,,0,0,False,
mesothelioma,Mesothelioma,,0,0,False,
thyroid_cancer,Thyroid cancer,,0,0,False,
breast_benign,Benign breast disease,,0,0,False,
