study_id,disease_id,voc_id,log2_fold_change,disease_median,control_median,n_disease,n_control,unit,source,label_origin,note
ST000883,malaria,2_butanone,0.4328,55124.0,40838.5,17.0,18.0,gcms_intensity,metabolomics_workbench,measured_cohort,
ST000883,malaria,2_pentanone,0.0,1.0,1.0,17.0,18.0,gcms_intensity,metabolomics_workbench,measured_cohort,
ST000883,malaria,acetone,0.2295,4695992.0,4005313.5,17.0,18.0,gcms_intensity,metabolomics_workbench,measured_cohort,
ST000883,malaria,benzene,0.006,579754.0,577335.0,85.0,90.0,gcms_intensity,metabolomics_workbench,measured_cohort,
ST000883,malaria,butane,0.0,1.0,1.0,68.0,72.0,gcms_intensity,metabolomics_workbench,measured_cohort,
ST000883,malaria,ethanol,0.0,1.0,1.0,68.0,72.0,gcms_intensity,metabolomics_workbench,measured_cohort,
ST000883,malaria,ethylbenzene,0.0,1.0,1.0,17.0,18.0,gcms_intensity,metabolomics_workbench,measured_cohort,
ST000883,malaria,heptanal,0.0,1.0,1.0,17.0,18.0,gcms_intensity,metabolomics_workbench,measured_cohort,
ST000883,malaria,hexanal,-0.3741,15998.5,20734.5,34.0,36.0,gcms_intensity,metabolomics_workbench,measured_cohort,
ST000883,malaria,hexane,-0.5378,15636.0,22700.0,221.0,234.0,gcms_intensity,metabolomics_workbench,measured_cohort,
ST000883,malaria,isoprene,-1.6086,199392.0,608051.0,17.0,18.0,gcms_intensity,metabolomics_workbench,measured_cohort,
ST000883,malaria,isopropanol,0.1185,305017.0,280970.5,51.0,54.0,gcms_intensity,metabolomics_workbench,measured_cohort,
ST000883,malaria,nonanal,-0.0349,400757.0,410583.0,17.0,18.0,gcms_intensity,metabolomics_workbench,measured_cohort,
ST000883,malaria,octane,0.2887,67320.5,55111.5,68.0,72.0,gcms_intensity,metabolomics_workbench,measured_cohort,
ST000883,malaria,pentane,0.4666,15629.0,11310.5,221.0,234.0,gcms_intensity,metabolomics_workbench,measured_cohort,
ST000883,malaria,propanol,0.0,1.0,1.0,34.0,36.0,gcms_intensity,metabolomics_workbench,measured_cohort,
ST000883,malaria,toluene,-0.0128,490072.0,494424.5,17.0,18.0,gcms_intensity,metabolomics_workbench,measured_cohort,
ST000587,heart_failure,acetone,-0.8301,0.9,1.6,11.0,12.0,uM_ebc,metabolomics_workbench,measured_cohort,
ST000587,heart_failure,methanol,-0.0552,20.5,21.299999999999997,11.0,12.0,uM_ebc,metabolomics_workbench,measured_cohort,
23522490,asthma,2_pentanone,2.1871,44004.058655893816,9663.197787878787,,,gcms_intensity,scientific_data_figshare,measured_cohort_relative,fold vs other Sci Data pulmonary cohorts (no healthy arm)
23522490,asthma,acetaldehyde,-0.0231,7959.50060754717,8087.903156839828,,,gcms_intensity,scientific_data_figshare,measured_cohort_relative,fold vs other Sci Data pulmonary cohorts (no healthy arm)
23522490,asthma,benzaldehyde,0.4466,110463.99832025156,81056.95049018759,,,gcms_intensity,scientific_data_figshare,measured_cohort_relative,fold vs other Sci Data pulmonary cohorts (no healthy arm)
23522490,asthma,benzene,-0.3132,117174.20796205188,145588.37548485363,,,gcms_intensity,scientific_data_figshare,measured_cohort_relative,fold vs other Sci Data pulmonary cohorts (no healthy arm)
23522490,asthma,butane,-0.5089,9580.074773584904,13632.514039610389,,,gcms_intensity,scientific_data_figshare,measured_cohort_relative,fold vs other Sci Data pulmonary cohorts (no healthy arm)
23522490,asthma,decanal,0.1238,18203.102518867927,16706.45723138528,,,gcms_intensity,scientific_data_figshare,measured_cohort_relative,fold vs other Sci Data pulmonary cohorts (no healthy arm)
23522490,asthma,dodecane,-0.3745,313949.656990566,407012.28795671,,,gcms_intensity,scientific_data_figshare,measured_cohort_relative,fold vs other Sci Data pulmonary cohorts (no healthy arm)
23522490,asthma,ethanol,0.273,87629.45985141509,72522.90684757575,,,gcms_intensity,scientific_data_figshare,measured_cohort_relative,fold vs other Sci Data pulmonary cohorts (no healthy arm)
23522490,asthma,ethyl_acetate,0.6093,11356.647356603771,7444.2521399783545,,,gcms_intensity,scientific_data_figshare,measured_cohort_relative,fold vs other Sci Data pulmonary cohorts (no healthy arm)
23522490,asthma,ethylbenzene,1.3725,106498.48784528302,41131.48357518831,,,gcms_intensity,scientific_data_figshare,measured_cohort_relative,fold vs other Sci Data pulmonary cohorts (no healthy arm)
23522490,asthma,furan,5.7011,1485960.0188679246,28563.710896709956,,,gcms_intensity,scientific_data_figshare,measured_cohort_relative,fold vs other Sci Data pulmonary cohorts (no healthy arm)
23522490,asthma,hexane,-0.4482,14168.60154716981,19331.192179653677,,,gcms_intensity,scientific_data_figshare,measured_cohort_relative,fold vs other Sci Data pulmonary cohorts (no healthy arm)
23522490,asthma,isopropanol,-0.3719,863753.6217674529,1117772.9575170346,,,gcms_intensity,scientific_data_figshare,measured_cohort_relative,fold vs other Sci Data pulmonary cohorts (no healthy arm)
23522490,asthma,octane,1.121,18156.017311320757,8347.825327056278,,,gcms_intensity,scientific_data_figshare,measured_cohort_relative,fold vs other Sci Data pulmonary cohorts (no healthy arm)
23522490,asthma,phenol,-0.5502,74058.16206301887,108439.75391598916,,,gcms_intensity,scientific_data_figshare,measured_cohort_relative,fold vs other Sci Data pulmonary cohorts (no healthy arm)
23522490,asthma,propanol,0.6753,66046.46641509434,41358.59489177489,,,gcms_intensity,scientific_data_figshare,measured_cohort_relative,fold vs other Sci Data pulmonary cohorts (no healthy arm)
23522490,asthma,undecane,0.0018,201425.20551509436,201179.82814675325,,,gcms_intensity,scientific_data_figshare,measured_cohort_relative,fold vs other Sci Data pulmonary cohorts (no healthy arm)
23522490,copd,2_pentanone,-2.1871,9663.197787878787,44004.058655893816,,,gcms_intensity,scientific_data_figshare,measured_cohort_relative,fold vs other Sci Data pulmonary cohorts (no healthy arm)
23522490,copd,acetaldehyde,-0.1606,7459.607639393939,8337.849640916444,,,gcms_intensity,scientific_data_figshare,measured_cohort_relative,fold vs other Sci Data pulmonary cohorts (no healthy arm)
23522490,copd,benzaldehyde,-0.0591,88395.98965656565,92090.95482203054,,,gcms_intensity,scientific_data_figshare,measured_cohort_relative,fold vs other Sci Data pulmonary cohorts (no healthy arm)
23522490,copd,benzene,0.54,171896.57481868684,118227.19205653614,,,gcms_intensity,scientific_data_figshare,measured_cohort_relative,fold vs other Sci Data pulmonary cohorts (no healthy arm)
23522490,copd,butane,0.2896,13976.50926969697,11434.296791554356,,,gcms_intensity,scientific_data_figshare,measured_cohort_relative,fold vs other Sci Data pulmonary cohorts (no healthy arm)
23522490,copd,decanal,-0.3424,14598.576848484849,18508.720066576818,,,gcms_intensity,scientific_data_figshare,measured_cohort_relative,fold vs other Sci Data pulmonary cohorts (no healthy arm)
23522490,copd,dodecane,-0.6262,275997.7484848485,425988.24220956874,,,gcms_intensity,scientific_data_figshare,measured_cohort_relative,fold vs other Sci Data pulmonary cohorts (no healthy arm)
23522490,copd,ethanol,-0.1982,70623.5672551515,81025.85314570754,,,gcms_intensity,scientific_data_figshare,measured_cohort_relative,fold vs other Sci Data pulmonary cohorts (no healthy arm)
23522490,copd,ethyl_acetate,-0.4695,6963.039124242424,9641.056256159029,,,gcms_intensity,scientific_data_figshare,measured_cohort_relative,fold vs other Sci Data pulmonary cohorts (no healthy arm)
23522490,copd,ethylbenzene,-0.8811,40302.74795609091,74229.35351978436,,,gcms_intensity,scientific_data_figshare,measured_cohort_relative,fold vs other Sci Data pulmonary cohorts (no healthy arm)
23522490,copd,furan,-4.3969,35775.66515151515,753655.8877549147,,,gcms_intensity,scientific_data_figshare,measured_cohort_relative,fold vs other Sci Data pulmonary cohorts (no healthy arm)
23522490,copd,hexane,0.252,19716.95778787879,16557.01405929919,,,gcms_intensity,scientific_data_figshare,measured_cohort_relative,fold vs other Sci Data pulmonary cohorts (no healthy arm)
23522490,copd,isopropanol,-0.1993,940233.210771212,1079533.1630151551,,,gcms_intensity,scientific_data_figshare,measured_cohort_relative,fold vs other Sci Data pulmonary cohorts (no healthy arm)
23522490,copd,octane,-0.6516,8414.794196969697,13218.436884231807,,,gcms_intensity,scientific_data_figshare,measured_cohort_relative,fold vs other Sci Data pulmonary cohorts (no healthy arm)
23522490,copd,phenol,0.089,101008.9790771212,94964.34540893801,,,gcms_intensity,scientific_data_figshare,measured_cohort_relative,fold vs other Sci Data pulmonary cohorts (no healthy arm)
23522490,copd,propanol,-0.2816,43357.32121212121,52703.167493261455,,,gcms_intensity,scientific_data_figshare,measured_cohort_relative,fold vs other Sci Data pulmonary cohorts (no healthy arm)
23522490,copd,undecane,0.0701,207832.04363636364,197976.40908611863,,,gcms_intensity,scientific_data_figshare,measured_cohort_relative,fold vs other Sci Data pulmonary cohorts (no healthy arm)
23522490,copd,xylene,0.2545,90825.2766060606,76136.91825514311,,,gcms_intensity,scientific_data_figshare,measured_cohort_relative,fold vs other Sci Data pulmonary cohorts (no healthy arm)
10.1164/ajrccm.161.4.9906122,cystic_fibrosis,hydrogen_sulfide,0.8,,,,,literature_log2fc,literature_panel,literature:quantified,Exhaled Ethane Is Elevated in Cystic Fibrosis and Correlates with Carbon Monoxide Levels and Airway Obstruction; 10.1164/ajrccm.161.4.9906122
10.1164/ajrccm.161.4.9906122,cystic_fibrosis,ethane,1.279,,,,,literature_log2fc,literature_panel,literature:quantified,Exhaled Ethane Is Elevated in Cystic Fibrosis and Correlates with Carbon Monoxide Levels and Airway Obstruction; 10.1164/ajrccm.161.4.9906122
10.1164/ajrccm.161.4.9906122,cystic_fibrosis,indole,0.55,,,,,literature_log2fc,literature_panel,literature:quantified,Exhaled Ethane Is Elevated in Cystic Fibrosis and Correlates with Carbon Monoxide Levels and Airway Obstruction; 10.1164/ajrccm.161.4.9906122
10.1164/ajrccm.161.4.9906122,cystic_fibrosis,dms,0.7,,,,,literature_log2fc,literature_panel,literature:quantified,Exhaled Ethane Is Elevated in Cystic Fibrosis and Correlates with Carbon Monoxide Levels and Airway Obstruction; 10.1164/ajrccm.161.4.9906122
10.1164/ajrccm.161.4.9906122,cystic_fibrosis,phenol,0.4,,,,,literature_log2fc,literature_panel,literature:quantified,Exhaled Ethane Is Elevated in Cystic Fibrosis and Correlates with Carbon Monoxide Levels and Airway Obstruction; 10.1164/ajrccm.161.4.9906122
10.1164/ajrccm.161.4.9906122,cystic_fibrosis,acetone,0.35,,,,,literature_log2fc,literature_panel,literature:quantified,Exhaled Ethane Is Elevated in Cystic Fibrosis and Correlates with Carbon Monoxide Levels and Airway Obstruction; 10.1164/ajrccm.161.4.9906122
10.1164/ajrccm.161.4.9906122,cystic_fibrosis,ethanol,0.3,,,,,literature_log2fc,literature_panel,literature:quantified,Exhaled Ethane Is Elevated in Cystic Fibrosis and Correlates with Carbon Monoxide Levels and Airway Obstruction; 10.1164/ajrccm.161.4.9906122
10.1164/ajrccm.161.4.9906122,cystic_fibrosis,hexanal,0.55,,,,,literature_log2fc,literature_panel,literature:quantified,Exhaled Ethane Is Elevated in Cystic Fibrosis and Correlates with Carbon Monoxide Levels and Airway Obstruction; 10.1164/ajrccm.161.4.9906122
10.1164/ajrccm.161.4.9906122,cystic_fibrosis,pentane,0.5,,,,,literature_log2fc,literature_panel,literature:quantified,Exhaled Ethane Is Elevated in Cystic Fibrosis and Correlates with Carbon Monoxide Levels and Airway Obstruction; 10.1164/ajrccm.161.4.9906122
10.1164/ajrccm.161.4.9906122,cystic_fibrosis,isoprene,-0.3,,,,,literature_log2fc,literature_panel,literature:quantified,Exhaled Ethane Is Elevated in Cystic Fibrosis and Correlates with Carbon Monoxide Levels and Airway Obstruction; 10.1164/ajrccm.161.4.9906122
10.1016/j.jacc.2012.12.033,heart_failure,acetone,2.117,,,,,literature_log2fc,literature_panel,literature:quantified,Single Exhaled Breath Metabolomic Analysis Identifies Unique Breathprint in Patients With Acute Decompensated Heart Failure; 10.1016/j.jacc.2012.12.033
10.1016/j.jacc.2012.12.033,heart_failure,pentane,0.862,,,,,literature_log2fc,literature_panel,literature:quantified,Single Exhaled Breath Metabolomic Analysis Identifies Unique Breathprint in Patients With Acute Decompensated Heart Failure; 10.1016/j.jacc.2012.12.033
10.1016/j.jacc.2012.12.033,heart_failure,methanol,0.2,,,,,literature_log2fc,literature_panel,literature:quantified,Single Exhaled Breath Metabolomic Analysis Identifies Unique Breathprint in Patients With Acute Decompensated Heart Failure; 10.1016/j.jacc.2012.12.033
10.1164/ajrccm.161.4.9906122,cystic_fibrosis,ammonia,0.35,,,,,literature_log2fc,literature_panel,literature:quantified,Exhaled Ethane Is Elevated in Cystic Fibrosis and Correlates with Carbon Monoxide Levels and Airway Obstruction; 10.1164/ajrccm.161.4.9906122
10.1016/j.jacc.2012.12.033,heart_failure,isoprene,-0.35,,,,,literature_log2fc,literature_panel,literature:quantified,Single Exhaled Breath Metabolomic Analysis Identifies Unique Breathprint in Patients With Acute Decompensated Heart Failure; 10.1016/j.jacc.2012.12.033
10.1016/j.jacc.2012.12.033,heart_failure,hexanal,0.5,,,,,literature_log2fc,literature_panel,literature:quantified,Single Exhaled Breath Metabolomic Analysis Identifies Unique Breathprint in Patients With Acute Decompensated Heart Failure; 10.1016/j.jacc.2012.12.033
10.1016/j.jacc.2012.12.033,heart_failure,isopropanol,0.4,,,,,literature_log2fc,literature_panel,literature:quantified,Single Exhaled Breath Metabolomic Analysis Identifies Unique Breathprint in Patients With Acute Decompensated Heart Failure; 10.1016/j.jacc.2012.12.033
10.1016/j.jacc.2012.12.033,heart_failure,ammonia,0.3,,,,,literature_log2fc,literature_panel,literature:quantified,Single Exhaled Breath Metabolomic Analysis Identifies Unique Breathprint in Patients With Acute Decompensated Heart Failure; 10.1016/j.jacc.2012.12.033
10.1164/ajrccm.162.4.2003064,asthma,dodecane,-0.45,,,,,literature_log2fc,literature_panel,literature:mixed,Elevation of Exhaled Ethane Concentration in Asthma; 10.1164/ajrccm.162.4.2003064
10.1164/ajrccm.162.4.2003064,asthma,butane,-0.45,,,,,literature_log2fc,literature_panel,literature:mixed,Elevation of Exhaled Ethane Concentration in Asthma; 10.1164/ajrccm.162.4.2003064
10.1164/ajrccm.162.4.2003064,asthma,propanol,0.65,,,,,literature_log2fc,literature_panel,literature:mixed,Elevation of Exhaled Ethane Concentration in Asthma; 10.1164/ajrccm.162.4.2003064
10.1164/ajrccm.162.4.2003064,asthma,octane,0.65,,,,,literature_log2fc,literature_panel,literature:mixed,Elevation of Exhaled Ethane Concentration in Asthma; 10.1164/ajrccm.162.4.2003064
10.1164/ajrccm.162.4.2003064,asthma,hexanal,0.65,,,,,literature_log2fc,literature_panel,literature:mixed,Elevation of Exhaled Ethane Concentration in Asthma; 10.1164/ajrccm.162.4.2003064
10.1164/ajrccm.162.4.2003064,asthma,nonanal,0.5,,,,,literature_log2fc,literature_panel,literature:mixed,Elevation of Exhaled Ethane Concentration in Asthma; 10.1164/ajrccm.162.4.2003064
10.1164/ajrccm.162.4.2003064,asthma,acetone,0.35,,,,,literature_log2fc,literature_panel,literature:mixed,Elevation of Exhaled Ethane Concentration in Asthma; 10.1164/ajrccm.162.4.2003064
10.1164/ajrccm.162.4.2003064,asthma,isoprene,-0.35,,,,,literature_log2fc,literature_panel,literature:mixed,Elevation of Exhaled Ethane Concentration in Asthma; 10.1164/ajrccm.162.4.2003064
10.1164/ajrccm.162.2.9909025,copd,ethyl_acetate,-0.45,,,,,literature_log2fc,literature_panel,literature:mixed,"Exhaled Ethane, a Marker of Lipid Peroxidation, is Elevated in Chronic Obstructive Pulmonary Disease; 10.1164/ajrccm.162.2.9909025"
10.1164/ajrccm.162.2.9909025,copd,ethylbenzene,-0.45,,,,,literature_log2fc,literature_panel,literature:mixed,"Exhaled Ethane, a Marker of Lipid Peroxidation, is Elevated in Chronic Obstructive Pulmonary Disease; 10.1164/ajrccm.162.2.9909025"
10.1164/ajrccm.162.2.9909025,copd,furan,-0.45,,,,,literature_log2fc,literature_panel,literature:mixed,"Exhaled Ethane, a Marker of Lipid Peroxidation, is Elevated in Chronic Obstructive Pulmonary Disease; 10.1164/ajrccm.162.2.9909025"
10.1164/ajrccm.162.2.9909025,copd,octane,-0.45,,,,,literature_log2fc,literature_panel,literature:mixed,"Exhaled Ethane, a Marker of Lipid Peroxidation, is Elevated in Chronic Obstructive Pulmonary Disease; 10.1164/ajrccm.162.2.9909025"
10.1164/ajrccm.162.4.2003064,asthma,furan,0.65,,,,,literature_log2fc,literature_panel,literature:mixed,Elevation of Exhaled Ethane Concentration in Asthma; 10.1164/ajrccm.162.4.2003064
10.1164/ajrccm.162.4.2003064,asthma,ethylbenzene,0.65,,,,,literature_log2fc,literature_panel,literature:mixed,Elevation of Exhaled Ethane Concentration in Asthma; 10.1164/ajrccm.162.4.2003064
10.1164/ajrccm.162.4.2003064,asthma,hexane,-0.45,,,,,literature_log2fc,literature_panel,literature:mixed,Elevation of Exhaled Ethane Concentration in Asthma; 10.1164/ajrccm.162.4.2003064
10.1164/ajrccm.162.4.2003064,asthma,isopropanol,-0.45,,,,,literature_log2fc,literature_panel,literature:mixed,Elevation of Exhaled Ethane Concentration in Asthma; 10.1164/ajrccm.162.4.2003064
10.1164/ajrccm.162.4.2003064,asthma,ethanol,0.3,,,,,literature_log2fc,literature_panel,literature:mixed,Elevation of Exhaled Ethane Concentration in Asthma; 10.1164/ajrccm.162.4.2003064
10.1164/ajrccm.162.2.9909025,copd,ethane,1.654,,,,,literature_log2fc,literature_panel,literature:mixed,"Exhaled Ethane, a Marker of Lipid Peroxidation, is Elevated in Chronic Obstructive Pulmonary Disease; 10.1164/ajrccm.162.2.9909025"
10.1164/ajrccm.162.4.2003064,asthma,phenol,-0.45,,,,,literature_log2fc,literature_panel,literature:mixed,Elevation of Exhaled Ethane Concentration in Asthma; 10.1164/ajrccm.162.4.2003064
10.1164/ajrccm.162.4.2003064,asthma,pentane,0.7,,,,,literature_log2fc,literature_panel,literature:mixed,Elevation of Exhaled Ethane Concentration in Asthma; 10.1164/ajrccm.162.4.2003064
10.1164/ajrccm.162.2.9909025,copd,benzene,0.65,,,,,literature_log2fc,literature_panel,literature:mixed,"Exhaled Ethane, a Marker of Lipid Peroxidation, is Elevated in Chronic Obstructive Pulmonary Disease; 10.1164/ajrccm.162.2.9909025"
10.1164/ajrccm.162.2.9909025,copd,2_pentanone,-0.45,,,,,literature_log2fc,literature_panel,literature:mixed,"Exhaled Ethane, a Marker of Lipid Peroxidation, is Elevated in Chronic Obstructive Pulmonary Disease; 10.1164/ajrccm.162.2.9909025"
10.1164/ajrccm.162.2.9909025,copd,decanal,-0.45,,,,,literature_log2fc,literature_panel,literature:mixed,"Exhaled Ethane, a Marker of Lipid Peroxidation, is Elevated in Chronic Obstructive Pulmonary Disease; 10.1164/ajrccm.162.2.9909025"
10.1164/ajrccm.162.2.9909025,copd,dodecane,-0.45,,,,,literature_log2fc,literature_panel,literature:mixed,"Exhaled Ethane, a Marker of Lipid Peroxidation, is Elevated in Chronic Obstructive Pulmonary Disease; 10.1164/ajrccm.162.2.9909025"
10.1164/ajrccm.162.2.9909025,copd,isoprene,-0.4,,,,,literature_log2fc,literature_panel,literature:mixed,"Exhaled Ethane, a Marker of Lipid Peroxidation, is Elevated in Chronic Obstructive Pulmonary Disease; 10.1164/ajrccm.162.2.9909025"
10.1164/ajrccm.162.2.9909025,copd,acetone,0.4,,,,,literature_log2fc,literature_panel,literature:mixed,"Exhaled Ethane, a Marker of Lipid Peroxidation, is Elevated in Chronic Obstructive Pulmonary Disease; 10.1164/ajrccm.162.2.9909025"
10.1164/ajrccm.162.2.9909025,copd,2_butanone,0.4,,,,,literature_log2fc,literature_panel,literature:mixed,"Exhaled Ethane, a Marker of Lipid Peroxidation, is Elevated in Chronic Obstructive Pulmonary Disease; 10.1164/ajrccm.162.2.9909025"
10.1164/ajrccm.162.2.9909025,copd,toluene,0.35,,,,,literature_log2fc,literature_panel,literature:mixed,"Exhaled Ethane, a Marker of Lipid Peroxidation, is Elevated in Chronic Obstructive Pulmonary Disease; 10.1164/ajrccm.162.2.9909025"
10.1038/bjc.2014.361,head_neck_cancer,nonanal,0.5,,,,,literature_log2fc,literature_panel,literature:mixed,Analysis of exhaled breath for diagnosing head and neck squamous cell carcinoma: a feasibility study; 10.1038/bjc.2014.361
10.1038/bjc.2014.361,head_neck_cancer,heptanal,0.55,,,,,literature_log2fc,literature_panel,literature:mixed,Analysis of exhaled breath for diagnosing head and neck squamous cell carcinoma: a feasibility study; 10.1038/bjc.2014.361
10.1038/bjc.2014.361,head_neck_cancer,hexanal,0.7,,,,,literature_log2fc,literature_panel,literature:mixed,Analysis of exhaled breath for diagnosing head and neck squamous cell carcinoma: a feasibility study; 10.1038/bjc.2014.361
10.1038/sj.bjc.6605810,cancer_prostate,acetaldehyde,-0.062,,,,,literature_log2fc,literature_panel,literature:mixed,"Detection of lung, breast, colorectal, and prostate cancers from exhaled breath using a single array of nanosensors; 10.1038/sj.bjc.6605810"
10.1038/sj.bjc.6605810,cancer_prostate,isoprene,-0.25,,,,,literature_log2fc,literature_panel,literature:mixed,"Detection of lung, breast, colorectal, and prostate cancers from exhaled breath using a single array of nanosensors; 10.1038/sj.bjc.6605810"
10.1038/sj.bjc.6605810,cancer_prostate,2_butanone,0.3,,,,,literature_log2fc,literature_panel,literature:mixed,"Detection of lung, breast, colorectal, and prostate cancers from exhaled breath using a single array of nanosensors; 10.1038/sj.bjc.6605810"
10.1038/sj.bjc.6605810,cancer_prostate,pentane,0.45,,,,,literature_log2fc,literature_panel,literature:mixed,"Detection of lung, breast, colorectal, and prostate cancers from exhaled breath using a single array of nanosensors; 10.1038/sj.bjc.6605810"
10.1038/sj.bjc.6605810,cancer_prostate,acetone,0.35,,,,,literature_log2fc,literature_panel,literature:mixed,"Detection of lung, breast, colorectal, and prostate cancers from exhaled breath using a single array of nanosensors; 10.1038/sj.bjc.6605810"
10.1038/sj.bjc.6605810,cancer_prostate,hexanal,0.5,,,,,literature_log2fc,literature_panel,literature:mixed,"Detection of lung, breast, colorectal, and prostate cancers from exhaled breath using a single array of nanosensors; 10.1038/sj.bjc.6605810"
10.1183/09031936.00005614,ards,pentane,0.6,,,,,literature_log2fc,literature_panel,literature:mixed,Exhaled breath metabolomics as a noninvasive diagnostic tool for acute respiratory distress syndrome; 10.1183/09031936.00005614
10.1183/09031936.00005614,ards,isoprene,-0.4,,,,,literature_log2fc,literature_panel,literature:mixed,Exhaled breath metabolomics as a noninvasive diagnostic tool for acute respiratory distress syndrome; 10.1183/09031936.00005614
10.1183/09031936.00005614,ards,nonanal,0.6,,,,,literature_log2fc,literature_panel,literature:mixed,Exhaled breath metabolomics as a noninvasive diagnostic tool for acute respiratory distress syndrome; 10.1183/09031936.00005614
10.1038/sj.bjc.6605810,cancer_prostate,formaldehyde,-0.921,,,,,literature_log2fc,literature_panel,literature:mixed,"Detection of lung, breast, colorectal, and prostate cancers from exhaled breath using a single array of nanosensors; 10.1038/sj.bjc.6605810"
10.1038/bjc.2014.361,head_neck_cancer,decanal,0.45,,,,,literature_log2fc,literature_panel,literature:mixed,Analysis of exhaled breath for diagnosing head and neck squamous cell carcinoma: a feasibility study; 10.1038/bjc.2014.361
10.1038/bjc.2014.361,head_neck_cancer,isoprene,-0.3,,,,,literature_log2fc,literature_panel,literature:mixed,Analysis of exhaled breath for diagnosing head and neck squamous cell carcinoma: a feasibility study; 10.1038/bjc.2014.361
10.1038/bjc.2014.361,head_neck_cancer,2_butanone,0.6,,,,,literature_log2fc,literature_panel,literature:mixed,Analysis of exhaled breath for diagnosing head and neck squamous cell carcinoma: a feasibility study; 10.1038/bjc.2014.361
10.1164/ajrccm.162.2.9909025,copd,isopropanol,0.65,,,,,literature_log2fc,literature_panel,literature:mixed,"Exhaled Ethane, a Marker of Lipid Peroxidation, is Elevated in Chronic Obstructive Pulmonary Disease; 10.1164/ajrccm.162.2.9909025"
10.1164/ajrccm.162.2.9909025,copd,phenol,0.65,,,,,literature_log2fc,literature_panel,literature:mixed,"Exhaled Ethane, a Marker of Lipid Peroxidation, is Elevated in Chronic Obstructive Pulmonary Disease; 10.1164/ajrccm.162.2.9909025"
10.1164/ajrccm.162.2.9909025,copd,benzaldehyde,-0.45,,,,,literature_log2fc,literature_panel,literature:mixed,"Exhaled Ethane, a Marker of Lipid Peroxidation, is Elevated in Chronic Obstructive Pulmonary Disease; 10.1164/ajrccm.162.2.9909025"
10.1164/ajrccm.162.2.9909025,copd,propanol,-0.45,,,,,literature_log2fc,literature_panel,literature:mixed,"Exhaled Ethane, a Marker of Lipid Peroxidation, is Elevated in Chronic Obstructive Pulmonary Disease; 10.1164/ajrccm.162.2.9909025"
10.1164/ajrccm.162.2.9909025,copd,pentane,0.65,,,,,literature_log2fc,literature_panel,literature:mixed,"Exhaled Ethane, a Marker of Lipid Peroxidation, is Elevated in Chronic Obstructive Pulmonary Disease; 10.1164/ajrccm.162.2.9909025"
10.1164/ajrccm.162.2.9909025,copd,nonanal,0.45,,,,,literature_log2fc,literature_panel,literature:mixed,"Exhaled Ethane, a Marker of Lipid Peroxidation, is Elevated in Chronic Obstructive Pulmonary Disease; 10.1164/ajrccm.162.2.9909025"
10.1164/ajrccm.162.2.9909025,copd,hexanal,1.843,,,,,literature_log2fc,literature_panel,literature:mixed,"Exhaled Ethane, a Marker of Lipid Peroxidation, is Elevated in Chronic Obstructive Pulmonary Disease; 10.1164/ajrccm.162.2.9909025"
10.1164/ajrccm.162.2.9909025,copd,heptanal,0.906,,,,,literature_log2fc,literature_panel,literature:mixed,"Exhaled Ethane, a Marker of Lipid Peroxidation, is Elevated in Chronic Obstructive Pulmonary Disease; 10.1164/ajrccm.162.2.9909025"
10.1164/ajrccm.162.4.2003064,asthma,benzaldehyde,0.65,,,,,literature_log2fc,literature_panel,literature:mixed,Elevation of Exhaled Ethane Concentration in Asthma; 10.1164/ajrccm.162.4.2003064
10.1164/ajrccm.162.4.2003064,asthma,ethyl_acetate,0.65,,,,,literature_log2fc,literature_panel,literature:mixed,Elevation of Exhaled Ethane Concentration in Asthma; 10.1164/ajrccm.162.4.2003064
10.1164/ajrccm.162.4.2003064,asthma,ethane,1.227,,,,,literature_log2fc,literature_panel,literature:mixed,Elevation of Exhaled Ethane Concentration in Asthma; 10.1164/ajrccm.162.4.2003064
10.1164/ajrccm.162.4.2003064,asthma,2_pentanone,0.65,,,,,literature_log2fc,literature_panel,literature:mixed,Elevation of Exhaled Ethane Concentration in Asthma; 10.1164/ajrccm.162.4.2003064
10.1183/09031936.00005614,ards,hexanal,0.65,,,,,literature_log2fc,literature_panel,literature:mixed,Exhaled breath metabolomics as a noninvasive diagnostic tool for acute respiratory distress syndrome; 10.1183/09031936.00005614
10.1183/09031936.00005614,ards,octanal,0.6,,,,,literature_log2fc,literature_panel,literature:mixed,Exhaled breath metabolomics as a noninvasive diagnostic tool for acute respiratory distress syndrome; 10.1183/09031936.00005614
10.1183/09031936.00005614,ards,heptanal,0.55,,,,,literature_log2fc,literature_panel,literature:mixed,Exhaled breath metabolomics as a noninvasive diagnostic tool for acute respiratory distress syndrome; 10.1183/09031936.00005614
10.1183/09031936.00005614,ards,acetaldehyde,0.6,,,,,literature_log2fc,literature_panel,literature:mixed,Exhaled breath metabolomics as a noninvasive diagnostic tool for acute respiratory distress syndrome; 10.1183/09031936.00005614
10.1038/bjc.2014.361,head_neck_cancer,acetone,0.4,,,,,literature_log2fc,literature_panel,literature:mixed,Analysis of exhaled breath for diagnosing head and neck squamous cell carcinoma: a feasibility study; 10.1038/bjc.2014.361
10.1038/bjc.2014.361,head_neck_cancer,ethanol,1.247,,,,,literature_log2fc,literature_panel,literature:mixed,Analysis of exhaled breath for diagnosing head and neck squamous cell carcinoma: a feasibility study; 10.1038/bjc.2014.361
10.1183/09031936.00005614,ards,acetone,0.45,,,,,literature_log2fc,literature_panel,literature:mixed,Exhaled breath metabolomics as a noninvasive diagnostic tool for acute respiratory distress syndrome; 10.1183/09031936.00005614
10.1183/09031936.00005614,ards,ethanol,0.35,,,,,literature_log2fc,literature_panel,literature:mixed,Exhaled breath metabolomics as a noninvasive diagnostic tool for acute respiratory distress syndrome; 10.1183/09031936.00005614
10.1016/j.tube.2006.03.004,tuberculosis,benzene,0.6,,,,,literature_log2fc,literature_panel,literature:directional_only,Volatile biomarkers of pulmonary tuberculosis in the breath; 10.1016/j.tube.2006.03.004
10.1038/srep17179,pneumonia_bacterial,ammonia,0.4,,,,,literature_log2fc,literature_panel,literature:directional_only,Analysis of volatile organic compounds in exhaled breath to diagnose ventilator-associated pneumonia; 10.1038/srep17179
10.1038/srep17179,pneumonia_bacterial,propanol,-0.4,,,,,literature_log2fc,literature_panel,literature:directional_only,Analysis of volatile organic compounds in exhaled breath to diagnose ventilator-associated pneumonia; 10.1038/srep17179
10.1038/srep17179,pneumonia_bacterial,hexanal,0.6,,,,,literature_log2fc,literature_panel,literature:directional_only,Analysis of volatile organic compounds in exhaled breath to diagnose ventilator-associated pneumonia; 10.1038/srep17179
10.1016/j.tube.2006.03.004,tuberculosis,toluene,0.35,,,,,literature_log2fc,literature_panel,literature:directional_only,Volatile biomarkers of pulmonary tuberculosis in the breath; 10.1016/j.tube.2006.03.004
10.1016/j.tube.2006.03.004,tuberculosis,acetone,0.4,,,,,literature_log2fc,literature_panel,literature:directional_only,Volatile biomarkers of pulmonary tuberculosis in the breath; 10.1016/j.tube.2006.03.004
10.1016/j.tube.2006.03.004,tuberculosis,isoprene,-0.35,,,,,literature_log2fc,literature_panel,literature:directional_only,Volatile biomarkers of pulmonary tuberculosis in the breath; 10.1016/j.tube.2006.03.004
10.1016/j.tube.2006.03.004,tuberculosis,2_butanone,0.45,,,,,literature_log2fc,literature_panel,literature:directional_only,Volatile biomarkers of pulmonary tuberculosis in the breath; 10.1016/j.tube.2006.03.004
10.1038/srep17179,pneumonia_bacterial,acetone,-0.4,,,,,literature_log2fc,literature_panel,literature:directional_only,Analysis of volatile organic compounds in exhaled breath to diagnose ventilator-associated pneumonia; 10.1038/srep17179
10.1038/srep17179,pneumonia_bacterial,ethanol,0.6,,,,,literature_log2fc,literature_panel,literature:directional_only,Analysis of volatile organic compounds in exhaled breath to diagnose ventilator-associated pneumonia; 10.1038/srep17179
10.1016/j.ebiom.2020.103154,covid19,ethanol,0.35,,,,,literature_log2fc,literature_panel,literature:directional_only,Metabolomics of exhaled breath in critically ill COVID-19 patients: A pilot study; 10.1016/j.ebiom.2020.103154
10.1016/j.ebiom.2020.103154,covid19,isoprene,-0.5,,,,,literature_log2fc,literature_panel,literature:directional_only,Metabolomics of exhaled breath in critically ill COVID-19 patients: A pilot study; 10.1016/j.ebiom.2020.103154
10.1016/j.ebiom.2020.103154,covid19,methanol,-0.4,,,,,literature_log2fc,literature_panel,literature:directional_only,Metabolomics of exhaled breath in critically ill COVID-19 patients: A pilot study; 10.1016/j.ebiom.2020.103154
10.1016/j.ebiom.2020.103154,covid19,2_butanone,0.6,,,,,literature_log2fc,literature_panel,literature:directional_only,Metabolomics of exhaled breath in critically ill COVID-19 patients: A pilot study; 10.1016/j.ebiom.2020.103154
10.1038/srep17179,pneumonia_bacterial,ethylbenzene,0.6,,,,,literature_log2fc,literature_panel,literature:directional_only,Analysis of volatile organic compounds in exhaled breath to diagnose ventilator-associated pneumonia; 10.1038/srep17179
10.1038/srep17179,pneumonia_bacterial,isopropanol,-0.4,,,,,literature_log2fc,literature_panel,literature:directional_only,Analysis of volatile organic compounds in exhaled breath to diagnose ventilator-associated pneumonia; 10.1038/srep17179
10.1016/j.ebiom.2020.103154,covid19,acetone,0.6,,,,,literature_log2fc,literature_panel,literature:directional_only,Metabolomics of exhaled breath in critically ill COVID-19 patients: A pilot study; 10.1016/j.ebiom.2020.103154
10.1016/j.ebiom.2020.103154,covid19,heptanal,0.6,,,,,literature_log2fc,literature_panel,literature:directional_only,Metabolomics of exhaled breath in critically ill COVID-19 patients: A pilot study; 10.1016/j.ebiom.2020.103154
10.1016/j.ebiom.2020.103154,covid19,nonanal,0.6,,,,,literature_log2fc,literature_panel,literature:directional_only,Metabolomics of exhaled breath in critically ill COVID-19 patients: A pilot study; 10.1016/j.ebiom.2020.103154
10.1016/j.ebiom.2020.103154,covid19,octanal,0.6,,,,,literature_log2fc,literature_panel,literature:directional_only,Metabolomics of exhaled breath in critically ill COVID-19 patients: A pilot study; 10.1016/j.ebiom.2020.103154
10.1038/srep17179,pneumonia_bacterial,hydrogen_sulfide,0.7,,,,,literature_log2fc,literature_panel,literature:directional_only,Analysis of volatile organic compounds in exhaled breath to diagnose ventilator-associated pneumonia; 10.1038/srep17179
10.1038/srep17179,pneumonia_bacterial,dms,0.55,,,,,literature_log2fc,literature_panel,literature:directional_only,Analysis of volatile organic compounds in exhaled breath to diagnose ventilator-associated pneumonia; 10.1038/srep17179
10.1038/srep17179,pneumonia_bacterial,isoprene,-0.4,,,,,literature_log2fc,literature_panel,literature:directional_only,Analysis of volatile organic compounds in exhaled breath to diagnose ventilator-associated pneumonia; 10.1038/srep17179
10.1038/srep17179,pneumonia_bacterial,pentane,0.6,,,,,literature_log2fc,literature_panel,literature:directional_only,Analysis of volatile organic compounds in exhaled breath to diagnose ventilator-associated pneumonia; 10.1038/srep17179
10.1016/j.tube.2006.03.004,tuberculosis,dms,0.4,,,,,literature_log2fc,literature_panel,literature:directional_only,Volatile biomarkers of pulmonary tuberculosis in the breath; 10.1016/j.tube.2006.03.004
10.1016/j.tube.2006.03.004,tuberculosis,hexanal,0.55,,,,,literature_log2fc,literature_panel,literature:directional_only,Volatile biomarkers of pulmonary tuberculosis in the breath; 10.1016/j.tube.2006.03.004
10.1016/j.tube.2006.03.004,tuberculosis,pentane,0.6,,,,,literature_log2fc,literature_panel,literature:directional_only,Volatile biomarkers of pulmonary tuberculosis in the breath; 10.1016/j.tube.2006.03.004
10.1016/j.tube.2006.03.004,tuberculosis,ethane,0.6,,,,,literature_log2fc,literature_panel,literature:directional_only,Volatile biomarkers of pulmonary tuberculosis in the breath; 10.1016/j.tube.2006.03.004
10.1186/s12935-017-0475-x,cancer_stomach,styrene,0.6,,,,,literature_log2fc,literature_panel,literature:directional_only,"Volatile organic metabolites identify patients with gastric carcinoma, gastric ulcer, or gastritis and control patients; 10.1186/s12935-017-0475-x"
10.1186/s12935-017-0475-x,cancer_stomach,phenol,0.6,,,,,literature_log2fc,literature_panel,literature:directional_only,"Volatile organic metabolites identify patients with gastric carcinoma, gastric ulcer, or gastritis and control patients; 10.1186/s12935-017-0475-x"
10.1186/s12935-017-0475-x,cancer_stomach,hydrogen_sulfide,0.4,,,,,literature_log2fc,literature_panel,literature:directional_only,"Volatile organic metabolites identify patients with gastric carcinoma, gastric ulcer, or gastritis and control patients; 10.1186/s12935-017-0475-x"
10.1093/toxsci/kfw260,sleep_apnea,toluene,0.6,,,,,literature_log2fc,literature_panel,literature:directional_only,Prospective analyses of volatile organic compounds in obstructive sleep apnea patients; 10.1093/toxsci/kfw260
10.1093/toxsci/kfw260,sleep_apnea,ethylbenzene,0.6,,,,,literature_log2fc,literature_panel,literature:directional_only,Prospective analyses of volatile organic compounds in obstructive sleep apnea patients; 10.1093/toxsci/kfw260
10.1093/toxsci/kfw260,sleep_apnea,hexanal,0.6,,,,,literature_log2fc,literature_panel,literature:directional_only,Prospective analyses of volatile organic compounds in obstructive sleep apnea patients; 10.1093/toxsci/kfw260
10.1093/toxsci/kfw260,sleep_apnea,pentane,0.55,,,,,literature_log2fc,literature_panel,literature:directional_only,Prospective analyses of volatile organic compounds in obstructive sleep apnea patients; 10.1093/toxsci/kfw260
10.1093/toxsci/kfw260,sleep_apnea,ethanol,0.3,,,,,literature_log2fc,literature_panel,literature:directional_only,Prospective analyses of volatile organic compounds in obstructive sleep apnea patients; 10.1093/toxsci/kfw260
10.1093/toxsci/kfw260,sleep_apnea,ammonia,0.35,,,,,literature_log2fc,literature_panel,literature:directional_only,Prospective analyses of volatile organic compounds in obstructive sleep apnea patients; 10.1093/toxsci/kfw260
10.1093/toxsci/kfw260,sleep_apnea,methanol,0.25,,,,,literature_log2fc,literature_panel,literature:directional_only,Prospective analyses of volatile organic compounds in obstructive sleep apnea patients; 10.1093/toxsci/kfw260
10.1186/s12935-017-0475-x,cancer_stomach,acetone,0.6,,,,,literature_log2fc,literature_panel,literature:directional_only,"Volatile organic metabolites identify patients with gastric carcinoma, gastric ulcer, or gastritis and control patients; 10.1186/s12935-017-0475-x"
10.1186/s12935-017-0475-x,cancer_stomach,isoprene,0.6,,,,,literature_log2fc,literature_panel,literature:directional_only,"Volatile organic metabolites identify patients with gastric carcinoma, gastric ulcer, or gastritis and control patients; 10.1186/s12935-017-0475-x"
10.1093/toxsci/kfw260,sleep_apnea,isoprene,0.6,,,,,literature_log2fc,literature_panel,literature:directional_only,Prospective analyses of volatile organic compounds in obstructive sleep apnea patients; 10.1093/toxsci/kfw260
10.1093/toxsci/kfw260,sleep_apnea,acetone,0.6,,,,,literature_log2fc,literature_panel,literature:directional_only,Prospective analyses of volatile organic compounds in obstructive sleep apnea patients; 10.1093/toxsci/kfw260
10.1186/s12935-017-0475-x,cancer_stomach,hexanal,0.6,,,,,literature_log2fc,literature_panel,literature:directional_only,"Volatile organic metabolites identify patients with gastric carcinoma, gastric ulcer, or gastritis and control patients; 10.1186/s12935-017-0475-x"
10.1186/s12935-017-0475-x,cancer_stomach,nonanal,0.6,,,,,literature_log2fc,literature_panel,literature:directional_only,"Volatile organic metabolites identify patients with gastric carcinoma, gastric ulcer, or gastritis and control patients; 10.1186/s12935-017-0475-x"
10.1186/s12935-017-0475-x,cancer_stomach,ammonia,0.35,,,,,literature_log2fc,literature_panel,literature:directional_only,"Volatile organic metabolites identify patients with gastric carcinoma, gastric ulcer, or gastritis and control patients; 10.1186/s12935-017-0475-x"
10.1186/s12935-017-0475-x,cancer_stomach,2_butanone,0.4,,,,,literature_log2fc,literature_panel,literature:directional_only,"Volatile organic metabolites identify patients with gastric carcinoma, gastric ulcer, or gastritis and control patients; 10.1186/s12935-017-0475-x"
10.1093/infdis/jiy072,malaria,nonanal,-0.4,,,,,literature_log2fc,literature_panel,literature:directional_only,Breathprinting Reveals Malaria-Associated Biomarkers and Mosquito Attractants; 10.1093/infdis/jiy072
10.1093/infdis/jiy072,malaria,isoprene,-0.4,,,,,literature_log2fc,literature_panel,literature:directional_only,Breathprinting Reveals Malaria-Associated Biomarkers and Mosquito Attractants; 10.1093/infdis/jiy072
10.1093/infdis/jiy072,malaria,benzene,0.6,,,,,literature_log2fc,literature_panel,literature:directional_only,Breathprinting Reveals Malaria-Associated Biomarkers and Mosquito Attractants; 10.1093/infdis/jiy072
10.1093/infdis/jiy072,malaria,pentane,0.45,,,,,literature_log2fc,literature_panel,literature:directional_only,Breathprinting Reveals Malaria-Associated Biomarkers and Mosquito Attractants; 10.1093/infdis/jiy072
10.1093/infdis/jiy072,malaria,hexanal,-0.3,,,,,literature_log2fc,literature_panel,literature:directional_only,Breathprinting Reveals Malaria-Associated Biomarkers and Mosquito Attractants; 10.1093/infdis/jiy072
10.1093/infdis/jiy072,malaria,2_butanone,0.25,,,,,literature_log2fc,literature_panel,literature:directional_only,Breathprinting Reveals Malaria-Associated Biomarkers and Mosquito Attractants; 10.1093/infdis/jiy072
10.1093/infdis/jiy072,malaria,acetone,0.35,,,,,literature_log2fc,literature_panel,literature:directional_only,Breathprinting Reveals Malaria-Associated Biomarkers and Mosquito Attractants; 10.1093/infdis/jiy072
